Variable,Hazard_Ratio,Lower_95_CI,Upper_95_CI,p_value
Chemotherapy,1.2265666224491665,0.9605181827285352,1.5663062983697342,0.10161926089190253
Hormone Therapy,0.8848234791439484,0.7486638271848772,1.045746516414859,0.15120297053144544
Radio Therapy,0.7884889555434074,0.6770949683965668,0.918209205550915,0.002227934414146065
Age at Diagnosis,1.04130609464616,1.0339539122746144,1.0487105565100339,4.2595191789118437e-29
Tumor Size,1.007300796332463,1.0030401738843262,1.0115795166635342,0.0007693412307574766
Lymph nodes examined positive,1.0640404457544927,1.0450536691264503,1.0833721785291648,1.4083708602493381e-11
Tumor Stage,1.2730649365156197,1.1063646499262698,1.4648826069176422,0.0007474779062607393
HER2_Pos,1.4613097806806166,1.1730191513930783,1.8204530357213673,0.000716304139183913
ER_Pos,0.8101271768573708,0.6592985357856765,0.9954610954820085,0.04515109654336256
